Office_ID,Office_Name,Course,employee_count,avg_intake_proficiency,avg_outcome_proficiency,proficiency_improvement,avg_intake_applications,avg_outcome_applications,applications_improvement
1,Miami (Program A),Program A,69,0.23426806908121764,0.667720533808255,0.43345246472703736,0.24758131616147913,0.6366329403106326,0.3890516241491534
3,New York (Current Program),Current Program,54,0.28085806209881564,0.5122612579496154,0.23140319585079977,0.2321184704598781,0.5184848593965581,0.28636638893668
6,Los Angeles (Current Program),Current Program,183,0.25554558952119344,0.6266149318314623,0.3710693423102689,0.27611443939755276,0.6538955269295053,0.3777810875319525
8,Detroit (Program B),Program B,77,0.26233081947380166,0.6830056836838792,0.4206748642100775,0.2640961669005816,0.5711904142013601,0.3070942473007785
10,Houston (Program A),Program A,101,0.33465205823288374,0.7166499668228553,0.38199790858997157,0.34465081607265036,0.7122731008638841,0.3676222847912337
12,Denver (Program B),Program B,109,0.33326006082926096,0.7655974253746985,0.4323373645454376,0.3495418264646645,0.5914322689571961,0.24189044249253167
